question,answer
What are the different types of shoes?,"Common types include sneakers, boots, heels, sandals, loafers, and running shoes."
How do I know my correct shoe size?,Measure your foot length and compare it with the brand’s size chart for accuracy.
How often should I replace my running shoes?,Most running shoes should be replaced every 300–500 miles depending on usage.
What materials are best for durable shoes?,"Leather, synthetic leather, and high‑quality rubber soles are known for durability."
How do I clean white shoes?,"Use mild soap, water, and a soft brush. For white sneakers, baking soda and toothpaste can help remove stains."
Are expensive shoes better?,"Not always. Comfort, material, and proper fit matter more than price."
How do I break in new shoes?,"Wear them for short periods, use thick socks, or apply shoe stretch spray for faster break‑in."
What shoes are best for flat feet?,Stability or motion-control shoes with good arch support are recommended.
Can I wash shoes in a washing machine?,"Some fabric shoes can be machine washed, but leather and suede should be cleaned manually."
What is the difference between running and training shoes?,"Running shoes focus on forward motion and cushioning, while training shoes support multi‑directional movements."
How do I prevent shoe odor?,"Use breathable socks, keep shoes dry, and use odor-absorbing insoles or baking soda."
What shoes are best for standing all day?,"Shoes with cushioned insoles, arch support, and shock absorption are ideal."
How do I maintain leather shoes?,"Regularly clean them, apply leather conditioner, and store them in a cool, dry place."
What is a good shoe for wide feet?,Brands offering wide-size options or shoes with stretchy mesh uppers are best.
How do I choose the right shoes for sports?,"Pick shoes designed specifically for the sport to ensure proper support, stability, and safety."
